hwWlanApMac,hwWlanApSn,hwWlanApTypeInfo,hwWlanApName,hwWlanApGroup,hwWlanApRunState,hwWlanApSoftwareVersion
,2102353KCM6RLB000397,,,,,
,21500849874EP5011756,,,,,
,21500832053GL3001932,,,,,
,2102353KCMW0M2001706,,,,,
,2102353KCM6RLB000399,,,,,
,6R2350014450,,,,,
,2102353KCM6RLB000400,,,,,
,21500849874EP5012631,,,,,
,2102353KCM6RLB000393,,,,,
,6R2350012467,,,,,
,2102353KCM6RLB000394,,,,,
,21500849874EP5012977,,,,,
,21500832053GLC000196,,,,,
,21500844528SM6002873,,,,,
,21500832053GL6000037,,,,,
,6R2350014503,,,,,
,,AirEngine6760R-51,,,,
,,AirEngine5762-12,,,,
,,AP8150DN,,,,
,,AirEngine6760R-51,,,,
,,AirEngine6760R-51,,,,
,,AirEngine6760R-51E,,,,
,,AirEngine6760R-51,,,,
,,AirEngine5762-12,,,,
,,AirEngine6760R-51,,,,
,,AirEngine6760R-51E,,,,
,,AirEngine6760R-51,,,,
,,AirEngine5762-12,,,,
,,AP8150DN,,,,
,,AirEngine5761-11W,,,,
,,AP8150DN,,,,
,,AirEngine6760R-51E,,,,
,,,HeiLongJiang_DHS_66_U_WT07015,,,
,,,MengXi_BLK_FJ15_U_WT17008,,,
,,,Heilongjiang_GXJ_FJ09_D_WT15545,,,
,,,HeiLongJiang_MAS_G221_U_WT00639,,,
,,,HeiLongJiang_DHS_65_U_WT07014,,,
,,,c833-e5d2-8e50,,,
,,,HeiLongJiang_DHS_12_U_WT05451,,,
,,,MengXi_BLK_FJ01_U_WT16994,,,
,,,HeiLongJiang_DHS_25_U_WT05464,,,
,,,c833-e511-ea90,,,
,,,HeiLongJiang_DHS_20_U_WT05459,,,
,,,MengXi_BLK_FJ28_U_WT17021,,,
,,,Heilongjiang_GXJ_FJ14_U_WT15517,,,
,,,MengXi_TS_A04-15_D_WT10353,,,
,,,Heilongjiang_GXJ_FJ18_U_WT15532,,,
,,,c833-e5d2-94f0,,,
,,,,黑龙江-大黑山风电场230e,,
,,,,蒙西-布鲁克风电场180B,,
,,,,黑龙江-公心集风电场2314,,
,,,,黑龙江-马鞍山风电场2303,,
,,,,黑龙江-大黑山风电场230e,,
,,,,蒙西-布鲁克风电场180B升压,,
,,,,黑龙江-大黑山风电场230e,,
,,,,蒙西-布鲁克风电场180B,,
,,,,黑龙江-大黑山风电场230e,,
,,,,蒙西-和林风电场1803-升压,,
,,,,黑龙江-大黑山风电场230e,,
,,,,蒙西-布鲁克风电场180B,,
,,,,黑龙江-公心集风电场2314,,
,,,,蒙西-桃山风电场1801,,
,,,,黑龙江-公心集风电场2314,,
,,,,蒙西-布鲁克风电场180B升压,,
,,,,,11,
,,,,,11,
,,,,,11,
,,,,,11,
,,,,,11,
,,,,,11,
,,,,,11,
,,,,,11,
,,,,,11,
,,,,,4,
,,,,,11,
,,,,,11,
,,,,,11,
,,,,,11,
,,,,,11,
,,,,,11,
,,,,,,V200R022C00SPC100
,,,,,,V200R022C00SPC100
,,,,,,V200R019C00SPC913
,,,,,,V200R022C00SPC100
,,,,,,V200R022C00SPC100
,,,,,,V200R022C00SPC100
,,,,,,V200R022C00SPC100
,,,,,,V200R022C00SPC100
,,,,,,V200R022C00SPC100
,,,,,,
,,,,,,V200R022C00SPC100
,,,,,,V200R022C00SPC100
,,,,,,V200R019C00SPC913
,,,,,,V200R022C00SPC100
,,,,,,V200R019C00SPC913
,,,,,,V200R022C00SPC100
